,original_title,ratio_likeable
95,Interstellar,0.798814277324923
546,Minions,0.7660249042477039
788,Deadpool,0.7652353660580701
94,Guardians of the Galaxy,0.7564473881249963
127,Mad Max: Fury Road,0.7408133028222843
96,Inception,0.738599092332638
65,The Dark Knight,0.7303304928549178
28,Jurassic World,0.7260354252602187
16,The Avengers,0.713715836743666
0,Avatar,0.712877368504448
